wrists,l_shoulder_wrist,l_shoulder_elbow,l_elbow_wrist,r_shoulder_wrist,r_shoulder_elbow,r_elbow_wrist,l_wrist_hip,hips,r_wrist_hip,l_wrist_ankle,l_shoulder_ankle,r_wrist_ankle,r_shoulder_ankle,l_hip_ankle,l_hip_knee,l_knee_ankle,r_hip_ankle,r_hip_knee,r_knee_ankle,ankles,hash
0.5442311327929517,0.398481571170503,0.24654128781408552,0.30000340116182084,0.333861581309435,0.35704809245345603,0.19239614973681723,0.4932249022383885,0.3,0.3267475508292284,1.3538679397183582,1.546738186003887,1.2291367528378365,1.5380501082638016,0.9782952340228012,0.5241218214351332,0.45865077454604164,0.9205994978054677,0.42380894431964805,0.5018453127205879,0.2491582631584193,008c7f0aba294ea1dc75a57be93aa217f9b355c35621b7302b80fa9a0d492b72
0.5589426220343631,0.36068897729450394,0.337625662940694,0.41535067918854346,0.4884451287549149,0.49222806094637733,0.4759798574778624,0.7221160015602314,0.3,0.8426335452328586,2.223872325165033,2.4010345399195496,2.2195536847784423,2.5122989119852424,1.5431275302308431,0.7840702065230303,0.7633201488389214,1.5359435153791494,0.6871882856375697,0.8576898666530065,0.38103298599834307,014b6cddf21dc7ff3e6ab12d207d2095eb8f46c12564e53221d423ab5e3c2718
0.7234086887644093,0.41521815767686143,0.2155629699085979,0.29370364538720367,0.4444441339875176,0.3659967227699137,0.22607525032533465,0.5454075220819731,0.3,0.3812151716626647,1.404059141951647,1.5617662624563755,1.2825206018501718,1.5897002299040215,0.9766515896596829,0.5198241732087346,0.4642498634958947,0.9592586724333494,0.44116966391694856,0.5307011096743738,0.2698434271473422,018b91543876673188991e76cae0086c4ef9d3d543de5ab6ec168b5a7c0f43ca
0.6718653352285109,0.48054930364318543,0.24648149948946846,0.29858084388039846,0.31459293547142614,0.36282286159727417,0.18594775307363592,0.5915690361654002,0.3,0.26949203685643014,1.2855657644273721,1.4129141458749115,1.1257419534744548,1.4133576156452934,0.8597399921694446,0.45099169881294404,0.41996432308334103,0.8933463720087839,0.3944647221909584,0.5050572444504308,0.23915259719466997,03981c83c2e6e95283b801779e3eca25f07f5397edfa39153cd105fca23caab2
0.2062999519648684,0.2835930377257473,0.24053758202146014,0.19962228506174376,0.323456385062789,0.3223229551392867,0.2030302800250867,0.4215027353045002,0.3,0.4156561352963613,1.4744971405852905,1.7006698314095843,1.4290213835070729,1.7158869569503317,1.0752617957858779,0.5669940822454573,0.5199143733588367,1.0252833727639505,0.49673187777405275,0.5557161208212409,0.2546500953828303,0443057252cccdd504bd6cad94a8aa6bf1d0dd7721f0873b5ac13f13dc800686
0.29299361941879765,0.49273105638253606,0.42402550526154753,0.4284573851889356,0.5867370743788481,0.5389920862453677,0.482541524273066,0.7301704352682117,0.3,0.8126984183592864,2.4142355362492625,2.693134789872635,2.43264647504007,2.734928031844226,1.706381761998596,0.9011391345406189,0.8146387803423928,1.6412012138772818,0.7338909477505883,0.90988583162883,0.40345582004066427,079357c50452b38656016c16b8302325bc7bf68bb4f9afff4610aa5ff1a28a70
0.9559921222168127,0.47101435336364045,0.3346290964152432,0.36273985481911886,0.5381121181149843,0.3145823617934046,0.3802201571357954,0.41350547862133974,0.3,0.7438923426169387,1.4490964937119666,1.778222029632241,1.7687578419325234,1.9193711262197588,1.1647097194020313,0.5972841308833453,0.5909033750026481,1.159134576611402,0.5283795631932744,0.6378250410515802,0.33715254225124525,09add432f87d0473bd2acf5cb9964df8eadb194c488b896305683aa126e5ed2f
1.0419118986373286,0.426877986948876,0.19529106668730528,0.30644215008190484,0.5064942993375643,0.3626684282688267,0.27735231071255795,0.6353869719555401,0.3,0.5379114073576406,1.4422799629620155,1.5202714625278073,1.3969583513353083,1.6089212624281088,0.9646865844034999,0.511583237882513,0.4649166015044721,0.9592863388581123,0.464102845930133,0.5083689544594016,0.33187038865422885,0a0501368d4d4e0c294f8e58cd97d447175534b4773b8b65c3604cb41d8806a9
0.37670106103721923,0.4009049266631439,0.236908748762282,0.22859798378951235,0.44037528306188445,0.3707982907100785,0.18387906811858776,0.4263352391874791,0.3,0.37509707734076864,1.2357884758051623,1.5109217723600505,1.1803764724708232,1.5350998696516795,0.9736313176014266,0.49894918260565496,0.48312587706161114,0.9399084721705614,0.4380555315452847,0.5180214575213022,0.5792452244310528,0ad8dc92170de62e3c569e69274d77cceb0de09a40341632ce9494395c8f1821
0.4905541520899674,0.4740053882101126,0.23336339600647643,0.31241238899020446,0.32925353966028253,0.3309559098075214,0.2184972203391567,0.4769252481649658,0.3,0.3611095541618777,1.144301493199826,1.3654373287807204,1.0955167541400375,1.316322818731254,0.823336392631932,0.4207211789076097,0.4080286396876545,0.8325667450100546,0.36846187278466275,0.4729707346347645,0.38538844255421517,0cd8ceb9ee760be7f963acef98393b1c7e42fd7799d408f914a62bdd8517a35e
1.1038366925407344,0.6858740544776827,0.3585489039961688,0.4603954193753103,0.8339711398864476,0.46824962332794495,0.438320179694169,0.5753034303433179,0.3,0.8425039553147203,1.6622711274621929,2.0106629811540415,1.790081731048197,2.154254114460286,1.2454905447312385,0.6347634009326942,0.624569045891538,1.3144312119241721,0.6475022348762459,0.6688219629077157,0.31853004040642907,0d30046948c32ecaaf0c17e05ac8069cb1be77089dfd46786c0e1eee6903aa39
0.4856638905052362,0.5553607354337623,0.41239605025306997,0.4082112733999224,0.6491831198285073,0.5395726287419473,0.44411167977697596,0.6230711733957888,0.3,0.6704120922768219,2.1139581559835965,2.5236802663275464,2.0834515266674396,2.581676059404704,1.5731781617764007,0.8205014003168607,0.7608504588721678,1.5296708639972614,0.6873711247869951,0.8518136041086694,0.36837754543172413,0e4cec630ac31da41c11868504e7ee5c6a47ff4eed3d1fe2075d7961984ecaa3
0.898642962665854,0.49533384475524184,0.4676356353484732,0.3629096936488239,0.5989552646162278,0.5682334760520396,0.47643678300524644,0.6272360050498919,0.3,0.7546199321765649,2.1407153491258413,2.518394622013499,2.155303303659777,2.6626287219307954,1.6047161553608293,0.8628687161360841,0.7464008511201227,1.6365019138044326,0.7478946808588559,0.8913597947767838,0.3909165273022155,0e86bb67f491c02694ed1492dd76d1b3b4b42e886f61cb17742350a4a8143d0b
1.0247941821258582,0.4516243188080772,0.3732931027590816,0.3361295082003343,0.5905776676648055,0.3555222445959557,0.36315245936102813,0.4977399959605309,0.3,0.9390408974617795,1.7162722167129094,2.015751404509184,2.0617541104502632,2.1964022119670057,1.3168817629204552,0.6657361616739128,0.6671039182413566,1.321269301498574,0.6054489510974429,0.7250454248383843,0.31222569436626096,10975a1eebaf1e0d2462ba34afd7711266ba48c1d7dd0f59a52c0c3786b63a95
0.812880366628836,0.4223552289718185,0.25068472772870637,0.32527059255549523,0.38582968102601106,0.34369790728278754,0.22102273463287023,0.5282373004044217,0.3,0.3827194122435927,1.333459044560152,1.5039048286304284,1.2907411895497125,1.5180031890505936,0.9855181264256081,0.5344416376354826,0.4537470292995179,0.9323821357116419,0.4439758007561062,0.4958182458112702,0.26253310856180245,1114e50fce328e991974616a34260278e55466adb60ccef76c2f1bae9fe8aa15
0.8283823895416361,0.4963445131568314,0.26085834885935605,0.32598370613496347,0.4046680917888621,0.3478629969962558,0.24804331370893684,0.5560814732647821,0.3,0.4588647845405028,1.2364506865874272,1.429176536267386,1.272176970996457,1.430061981020394,0.8702423923630379,0.4623544861249069,0.41440070471715384,0.8403726424436128,0.3916208919055375,0.47622594336475776,0.3126963623382493,11d49254e62c24c6d8acae4c0ddde9b2c586957da0f8f594ec1170c094384c3c
1.185369719314112,0.4365731110145098,0.3452174255674438,0.2896265248513702,0.5117866917095406,0.3402155325292224,0.31895515882399667,0.8477613642199804,0.3,0.853428531383353,2.060463638394391,2.124235530291647,1.9768846976378245,2.2196353447115946,1.3325907059899538,0.7128105518086931,0.6220397831148865,1.3367938694660346,0.5873388098692011,0.7523632332161462,0.3630817642431142,122f0fc11f228341d6a0ca51f051109ac833d235e0ac5ebaca5068edf775760f
0.8430440370604793,0.49737215476498536,0.2880563286000694,0.34099935052086056,0.33101394258585015,0.341149749591837,0.25218651189955366,0.619211186341145,0.3,0.49755452786881615,1.3611172410403245,1.5882385800519379,1.2105703347011996,1.359928764397875,0.9823502997263572,0.5070448698363171,0.4811932473817032,0.9519114567521506,0.42523421329535344,0.5444628608324197,0.23415685794846697,1337fab802f5e78f58921f85e360b194f8a670f986e6f1ebad2ffeae31848050
0.8856725525992352,0.3776332009734943,0.223899449450608,0.2752581108405105,0.4751496267370899,0.37056087577510405,0.23667135691423763,0.5195329875030432,0.3,0.4234853086500623,1.3278986585392105,1.4841585481904669,1.2704508638881196,1.5435690623248899,0.9387886860701756,0.49305752927852764,0.45759118388151315,0.9177322567389645,0.4293282998128208,0.4986363297859688,0.3273683895975322,1a69ed21982076bd87705a6e6f8351f880b6ed63b381952ff703353078bbc966
0.5387003424878675,0.4385840449163381,0.20644463338989752,0.2924826711394226,0.2682664768160808,0.31705389674124357,0.24415836158768728,0.587359654010418,0.3,0.38780678315160927,1.3701509615885925,1.4785171139372626,1.2096527258575174,1.3926578881187892,0.9065919989537109,0.4931756587553378,0.4200366869913054,0.8951469367080073,0.4178200938709277,0.48603202776544324,0.30124792587757593,1e0cd1e599455cdef6bbc09426444197e409929016029ab8dd993d6b937743b0
0.9242799321558631,0.5331681451607679,0.3022505999305276,0.3696857018879426,0.5846416732428649,0.318826203605434,0.379117908228636,0.5526454130077668,0.3,0.8514119981885176,1.7855919212682148,2.0556671876851444,2.0248674125915644,2.1265385377726584,1.3144205596509486,0.6934529240067188,0.6356111180016457,1.2880121078849514,0.6416263793377021,0.6617243916874846,0.47555070285785156,23221ebf0ea172272c76b80abb9b50775d24e1f1f686266b5ed1d06bfa284773
0.39830585378383315,0.39949312268064224,0.25572565403661957,0.29657770082204044,0.3394318596043359,0.3576796251526179,0.23567877719029814,0.4574867316908837,0.3,0.38546153835999863,1.3122427229774623,1.5569765506050643,1.2776867933666416,1.561438361566291,0.9683255528953023,0.5390148949825836,0.433856028018254,0.9430468188043286,0.4314209185748308,0.5195560736929257,0.24071956640698847,23e2abce5b6abd9d32ab389891f2d60acdd63a43c580da3b0f3634de3022de69
0.6929449043843766,0.5356110239745291,0.2429170459783227,0.32117747052639256,0.3670219879529805,0.32409225108399636,0.2283836683290208,0.6499501888160466,0.3,0.3652146296755895,1.3659250982741966,1.5172419177879979,1.1910451602520005,1.4624318547078057,0.9366417799727237,0.4995757296200259,0.44455870553819643,0.9630581200592331,0.45227684016509323,0.5220763088404495,0.2779803809324144,2e3fa3bc89eb3c61f027f82968dc2b2adc1cf7df6eac428f919bed746039a3a7
0.7065854955018281,0.6576704829031392,0.3568052173627557,0.4024857463429075,0.712291800989132,0.4294555962011036,0.3963157947033433,0.658471344617134,0.3,0.7180064382284347,1.660228263212094,1.8976645759964674,1.7097539837941937,2.030000554123789,1.1807872565815445,0.633643956052641,0.5717078197508303,1.191772754450379,0.5742852880545682,0.6269730030138895,0.2161435380243105,30a3412d9a31dcfaa9f6fbdd36ab0adee8abd1670a5ea833db07fde1bf522320
0.9370178933370783,0.5134359716904757,0.2587236243501242,0.29762162074816856,0.5060271315117808,0.3292433101948839,0.22946275449693457,0.7162023285228611,0.3,0.46782336901780747,1.5843133258955422,1.6940880057530614,1.3343285092628066,1.5199025861645963,0.9539760039876078,0.5075808769492752,0.4809196860664784,1.0173247540989638,0.4887635452713903,0.5461228942140227,0.2812751163842714,31832730836021eba4339ed87d3c337255c67bdf41e94f25223ad86638318c44
1.0169583310465309,0.4437452676339809,0.35488029805987326,0.3274070519882402,0.3994783909656465,0.3540324581575699,0.27728624883079955,0.9356189735312177,0.3,0.91265738636923,2.2266546178412177,2.2268534797405923,2.12536172625829,2.2882158957533782,1.3973992640617008,0.7349034131224916,0.664476697890529,1.3695649509837744,0.5930303290657816,0.7766835075300833,0.42474698350937634,322baa58d6d7a0c65ba5a9eead5723297ba0c7007853e9a54bb5965461761c89
0.9461991917751745,0.48134444494063927,0.2804186183243319,0.3291860520495621,0.4022826170448861,0.35184647053748636,0.22886238493825212,0.6662029980512211,0.3,0.4987241131810503,1.435246871310144,1.4314984617431135,1.1121949100865913,1.2324840656692955,0.8850471127753324,0.43606185896759214,0.4543997553167454,0.8491000193310264,0.381411212946457,0.4692838000011891,0.31020382806205693,325164cff3f0b55d35ef56f3ce89c3b675be9b1c8b54dc9781cd658cf5316238
0.3220424929795887,0.38638571391632043,0.2661261907352635,0.2770414959749267,0.3946388576595368,0.3840923975006717,0.19425932724367798,0.48681308035558113,0.3,0.37913723616340206,1.514806653813546,1.7848757437865341,1.4106587308460703,1.7729340439648738,1.1308987900228873,0.6021778795813371,0.5351904605362973,1.0752800395314712,0.49541195741707256,0.588714792951924,0.23904238438770395,32d4fea9630719951b2ddc3360ba0ba9efed7c35d39c759502f210c9b0ade57e
0.8843236460291406,0.4040750066476523,0.15422304045276858,0.25163029740213494,0.6232675172774598,0.42736421997861024,0.26817858491320634,0.5710206862878887,0.3,0.5548503464989238,1.6217140327702,1.795030457795856,1.5049467681884474,1.6880951683910759,1.074840953829285,0.5619627006433743,0.5346131367867196,1.172954684797757,0.5598152571691469,0.6186385009922041,0.2645919814759095,350e2b7b515328e7e352d423af1524cd4cdaf25d9e8d7c1281ee503630d5f415
0.9018084827014547,0.49504054135323616,0.3903450385965373,0.3820443853338725,0.6003590015643258,0.45455724000871905,0.4239583120227107,0.3962319840788452,0.3,0.7550520246999598,1.6690699358910563,2.058025538925247,1.93224309262819,2.170330121410562,1.3306859247905651,0.7359568979516268,0.604747466670763,1.4090972422302512,0.6705234755301168,0.7426056291446779,0.3452484689287588,3610ff3e97b38ac130fd412623746bfd5c0d348ff7799388d89e736ca5779681
0.5826306243857338,0.44949826409659094,0.26215933875282865,0.33327365577212714,0.36017084819055556,0.3411945123846681,0.19796847513692764,0.4433143421260415,0.29999999999999993,0.24590498353633122,1.113511634109256,1.3430954547263114,1.0028027030660047,1.3204173260307153,0.825050549217226,0.450127184689803,0.3801176039620138,0.8071269899730691,0.3668025972583537,0.44858007985481263,0.27483309967131947,3951c09ae483eb48258f5f18fcc84fc30a5b05b8ae5fbfaa1492254ede5fcfc4
1.0703933542400188,0.591205820551825,0.2935075838358087,0.33429984756513836,0.44049804480373883,0.30985839322866293,0.21758753901203512,0.9527079709023816,0.3,0.5352287894939303,1.7512079808939987,1.5968277972922769,1.3068929674554925,1.3907711530913374,0.8904640847805507,0.4603057598800367,0.439249063116084,0.9354927654773515,0.4446842105464405,0.5038669703937867,0.256374560936629,39f327a4a81c3a804fec5aa2f3ddf5c6af989f1706b321e5714d6fea18c247df
0.831982990759602,0.5388312901443181,0.3990292406635228,0.37955125844993043,0.5903532450358252,0.4635508018970266,0.4050471875549306,0.454920608737481,0.3,0.7167028977198582,1.7437192258719736,2.132730683639785,1.9849743237211523,2.2601371750130053,1.3747162425338513,0.7531799575863652,0.6482214543417179,1.4241520043581908,0.6618605359099975,0.770139255497198,0.27509433030778235,3a4e2083eac1125a8232e5e39dead6134e4fe42a624a58a3e274d49a3ee1a756
0.263813183698041,0.30543732365357795,0.2577590866294549,0.2314665881781317,0.30055532722355444,0.3439843040528477,0.18519698480637029,0.4363209465831207,0.3,0.4176571718256363,1.4660069575532664,1.6879765943132172,1.4161956269531633,1.6917232970368508,1.078183052599185,0.5727420078527967,0.5145584653361002,1.0220166915478262,0.4707276346201128,0.554762274006288,0.2661945162207196,3b7fb4b91904a87cd0fbe14c04c18546e21cd53ef4209177d8f1e33b6471e378
0.4462017726055313,0.4706656332798854,0.23481371250876706,0.2724693813271856,0.3392642916762956,0.326729991222166,0.2367939835380428,0.4790577222696178,0.3,0.4235415096352659,1.2167855503721214,1.4281362420780632,1.2666499414151409,1.4268036162083149,0.8858257251603752,0.47102184495777427,0.4211187313424164,0.9047205498046186,0.41311034475908864,0.4963316217690816,0.33913224600336833,3ba15443ec3fdfcbe02f25158e255dbb57a43763a6c974c0eda822c2a6e99299
0.8766787361777597,0.46871051830065685,0.2164359736554655,0.2957243034745513,0.3672321734470415,0.28287609516709217,0.21087823401448683,0.5477361559790266,0.3,0.5066252844767932,1.2898191060828792,1.470102416420585,1.3776129858338508,1.5121077312677276,0.9272241366528414,0.4862756206781512,0.44410159207265437,0.9063650355928737,0.41585081144378055,0.5006313350769506,0.2628975150020968,3c443b35227b82c9da1c3685c4ceeffb96f70f2a05fcb37042631f7bdfbc1e62
0.7073522645946799,0.5051059054371231,0.38410553694425936,0.3719644785958322,0.5765929820511909,0.43135133781313256,0.3749332448556864,0.4273492787305725,0.3,0.7180838666141193,1.660001768437001,2.0671379974161566,1.7956660833100575,2.1545967197127225,1.2859074744379648,0.6890950094762477,0.6071400881010264,1.311206765164178,0.591350204447188,0.7201754200858342,0.29211200024072975,42d8d81f9856e8c56668de1e7cd92b8acb7351faf909689ae121050439411a21
1.1672661979962395,0.4942658738738949,0.25550429818604514,0.35580316088197034,0.5214838230392894,0.3338304292164216,0.2874680480359103,0.6202314844607285,0.3,0.49911557114721283,1.3003371230198044,1.3810848646967675,1.2762530519521005,1.4648774818362365,0.8856138413301244,0.4534094253688754,0.4387783490212873,0.861662443944157,0.41102817028987515,0.4562517832994073,0.2831078361686985,43360de3d7808f0c6ae8238db14eed292cf9c052ec1eb1a6f6376e7ae6103e18
0.42883298276998144,0.29552024931504245,0.20781937041196574,0.2521442959672003,0.2359762978654442,0.3277611299025614,0.2046623354136759,0.5334383779135391,0.3,0.4254460936097677,1.466559399940732,1.5674812309398567,1.3761464761090638,1.5709997199104184,1.0057568271333657,0.5419491564326819,0.47339862928538773,0.9699981902676691,0.44196658048168097,0.5359684765349136,0.2684650476075142,445b81ded5cfea175aeff0d8a11819c3807e68b2532a8b009ae4beccb670851e
0.7190952632417517,0.39595368770379663,0.21693805630719581,0.2676704216314455,0.31626648193488394,0.31990146955981924,0.21929894509193848,0.4728568460256954,0.3,0.4317903080487623,1.209987409932774,1.4112092111414158,1.1222277099661488,1.2826211831546779,0.8354423135675301,0.4582548549503855,0.39244044600945804,0.8568653174864075,0.3938222823452649,0.4784848469649142,0.33491009853326026,47a0cb3abe864e2d00d0f60a9ed58144a02b7b1189c0fce9b488c2f439951238
0.7694802875144358,0.42197049058699687,0.22866003354317457,0.28170299094526485,0.38605184192638725,0.35293988333773396,0.22763972176277647,0.5523713528810172,0.3,0.4484501359874647,1.3408394293406114,1.5404599205772203,1.307889150417661,1.5581669192835796,0.9529154997334368,0.5079612479625399,0.45008676725851554,0.9210040117715244,0.42318556477941116,0.5031585559235215,0.30005525199301075,49fd471122f3f863cb253b25f7641f9a7b91f6e1ec4c88d289bfd991e1aa8e1e
0.6617613900875249,0.5212493785063125,0.360590161897234,0.40944968935924625,0.6196933807341019,0.49553837598621664,0.3602805009986601,0.6280457542463654,0.3,0.7583661278224786,1.9244026786856392,2.244866202131866,1.905691817175594,2.307645213977112,1.4001228901637597,0.7186592286976787,0.6852062387590164,1.4301194807985642,0.6129575921479543,0.8175151024967808,0.40224445776251017,4b3a6368d2ec1d9f3d7a934dea0eb744c6a7c339a5c8f82ba3b332d7792fdcda
0.8086425280549846,0.35778456662374436,0.24508191943757612,0.2970109316695825,0.4854525592489551,0.25597412471569553,0.34802674671954803,0.32634711821240847,0.3,0.7064961126321849,1.1323032679252338,1.3862286262622017,1.2039372450363106,1.45781701383413,0.9683425349334441,0.5358456339096866,0.43797101760794604,1.0438470262737094,0.46619613478193966,0.5917288545895713,1.0475543228527422,4b53d0b4b3e720f89cc4bc6ef06c6302c7727206957f10f7f48104814d5eaa16
0.9400018556809143,0.49133202736686277,0.36299268197210127,0.28343040293536387,0.5192128684589034,0.3846553707190679,0.3394074115611393,0.6573674963076117,0.3,0.6715625989637563,1.8415274029069382,2.0249451625358277,1.8368647408118401,2.1316692570822258,1.2746228126931751,0.6858398501702949,0.5977278663327286,1.28455657761973,0.5796749555921402,0.7102889104269868,0.30782920942224495,4c56111db2fe965849751eb5108b4574c0d1dee04361dfbd489b5c4f40e4da14
0.9879668632620722,0.5168526766409192,0.24415229461947482,0.31116715596024114,0.43007396856846575,0.3306241458697625,0.2552014555289183,0.9170843962547741,0.3,0.5642538095545472,1.8179411929978937,1.7324521382526348,1.4969023169856064,1.5176789852649577,0.9991315813321027,0.5344536975045144,0.4731328387831478,1.0169166916027712,0.45351511098220576,0.5703229710569229,0.21627899131981537,4ea3029cdb2582aeb099da147e49a0d721053e569daba52df32e912726bbd034
0.6423716323809083,0.45922161744236056,0.2066816279930372,0.2774045896668161,0.36531469678266343,0.302645050135495,0.21194457931917726,0.6293418763177265,0.3,0.5596762613718391,1.3629982668821299,1.4175902261785578,1.3076603789130892,1.3663911877041535,0.9066696752500111,0.49231896755873145,0.42225817245746333,0.88666934505287,0.3879949951962776,0.5090804254710891,0.22159991825995953,4f88209b45fc961b027d11ff2209abbea2ea2a519f391a01446d75f68a0d5011
0.4590644953930649,0.5729384373105106,0.29105770202071923,0.32145120549945844,0.5657156925584819,0.39609512257220675,0.18975931711804236,0.7587973689115778,0.3,0.7608964228566953,1.5249350799959625,1.521298074880628,1.7312831915326663,1.5351324067703247,0.8394867368416946,0.39374695687628625,0.4544584562537643,0.987979067395616,0.42732630283464124,0.5611265529112682,0.1578995795755694,4fa94fc8561c90ad5117b97b928ff463818e6f860dbd2026f64d271fb5ad3657
0.8725494864093662,0.4245070788679164,0.24577391017803785,0.3452102637816192,0.42576582768032195,0.4020677560043948,0.27452417269738416,0.6116881138197313,0.3,0.5213792568464499,1.4996317750294856,1.5698876458545021,1.2515327277813324,1.3899186665318453,1.0056136681296635,0.5631623414848732,0.44414852924317477,0.9934135096793267,0.4625386579348621,0.5349051715127842,0.26957902013410234,50752c2eb7cbe44c132158bf19c82965a4f845cea6590be7806aa1c7c32b763b
0.6813512468219185,0.5161694929359607,0.357855570524749,0.4619569821594118,0.6030634613547918,0.4616023694313782,0.4751564951149268,0.9228674433437906,0.3,0.9588451516483364,2.3184986426300926,2.4627968255308663,2.158473984960592,2.4783405651379447,1.5053185145147348,0.8350848150786333,0.674233509650154,1.447107244765849,0.6494609056399828,0.8022567403001586,0.425115174779665,533b708c2df6b62cb5b16eefeccbb47e8cf7463a037c42091ec90adb700612aa
1.2285006061300796,0.5165876018086204,0.3253925997636294,0.33689200419870385,0.5629290349174338,0.26517384471937544,0.37858067342767326,0.5654693108652709,0.3,0.843475315007767,1.4257276537057368,1.6738998029431724,1.8177983474068355,1.8658760921971422,1.0819961688655602,0.5603405949869301,0.534847405287938,1.1040237944740903,0.5295307582820901,0.5792451544701264,0.31509971255113906,54009a38a02efcf9bcc048f87b86bea90689ddfb8b753a6d6b031ecb3409ddf7
0.8755153028652582,0.3937071902697239,0.20285227054263644,0.2770714228528622,0.3955686276360906,0.3159366418149507,0.20057254205426212,0.5430080901158707,0.3,0.38549352273702664,1.202504741697924,1.296940275836555,1.090644583587681,1.2919880082867465,0.8085862060328772,0.4236183345613673,0.3947070636339246,0.7554164098527807,0.352699997360203,0.4073295959950779,0.24292229835178028,561200a8097bbd5d42a2b654f0587f19b426381684fbe0b6099507230d336ca3
0.3928554173977474,0.41963319594605325,0.22946099289356464,0.24192504228530456,0.38139500188641673,0.3679865543646562,0.21615663926807066,0.4863322046954355,0.3,0.3610484991279403,1.3910565807273778,1.6091310565167891,1.2921524729525355,1.5769068571165583,0.9974973234791721,0.5394145325064463,0.4674399836187046,1.0002913124589645,0.4572845663753564,0.5458446274698945,0.24059083437716614,5afc8b774d575192181699fd16c3f8fdf3e258ccacddec7191bc222181979193
0.8918925701344226,0.4311297933468724,0.1848683028933796,0.2695835864291469,0.46017092954142275,0.309955875935793,0.25274634349571623,0.6980882972553378,0.3,0.5629439438411702,1.5601448015569739,1.5734312145752252,1.435534809340158,1.5620988529697968,0.9504614784420349,0.5137702822596737,0.449933277264336,0.9310485518350673,0.4342648047198694,0.5216928565788352,0.29299988522303233,5b5c26ce2cf84802cb45ddd39a02a5b9254d6e276efd38253eb634e083cf1e99
0.868106869892948,0.46245480457967114,0.22394887773722694,0.25343300227101,0.4410679909719784,0.30025184976693486,0.21898235161699917,0.7087192794462833,0.3,0.4320575850463331,1.4078389278357208,1.3834326269378714,1.165713330429156,1.3030577201716627,0.7744008137349807,0.39103364244257666,0.3953323698747238,0.8614960503011662,0.3562044433036747,0.520825972684823,0.40392484451114596,5d586bfa68733b57f48f50610a728aacd570906327c1bf955fe2341cdde0a949
1.5002702582248193,0.5596351733692768,0.39832673279096964,0.3512716957716837,0.629570846724512,0.4017424080668778,0.4715794955526128,0.9336217852239492,0.3,0.969456267802317,2.289011907314385,2.435657967309537,2.318383382495939,2.5839800694004142,1.5239275714171745,0.7903367820976359,0.737358341655116,1.5480113480702795,0.6856782876100349,0.8720176166665806,0.4047480697331607,600ac953f98d99d71752dbfa55c27c511380cdb8aa7b02917fa8bd79ea01583e
1.0844418146065116,0.45265838957940263,0.23027969047028515,0.3361251329840044,0.4950249008934685,0.3147980701586179,0.2802699518608609,0.5800511953736145,0.3,0.48441128937825517,1.2649223240714296,1.359014267885939,1.2550688702582335,1.4447229034080704,0.868790002940029,0.4362454293422354,0.4392937865447219,0.8482423540445764,0.3989949468013823,0.45800781503603416,0.29642078629410656,612ecc9c8965efb8d292c2c4d90c940f47f9ee6e9a017a45568107910c7d1a5b
0.6711779882403476,0.4745392927237733,0.24352542559284593,0.2924884906340126,0.32341854347574667,0.3660679843098872,0.20427863806019325,0.6150751409156483,0.3,0.2924947930742121,1.3697941112797047,1.4935242137182714,1.190781196130431,1.4807287204244528,0.9055801927264809,0.47850970225622586,0.4393554087261424,0.9360718143793715,0.4150056550707706,0.526050752300063,0.23234852715431736,62e9e0bb7647a1e67f82adde10289d89a7c8e1a7ee765376f09d973161ed6b8d
1.034178304570326,0.4321589214059976,0.22154415180091863,0.3101258965097755,0.4422876023506647,0.3248840019153387,0.2507751411692718,0.5737077418369901,0.3,0.5067420347228131,1.3363448577035635,1.4184522427086608,1.3022893483186406,1.4511479087142345,0.9084762098714582,0.44546256480588065,0.4723077854723399,0.8584020788733482,0.392422497770147,0.47286342906746714,0.285864689411805,634baece1726328e54e95e2280679f8101d8981d6481288789fbb6860a50bcde
0.9127741870347786,0.4831218682887172,0.26911745603625387,0.3137715116957225,0.5304525600536123,0.2642304601711754,0.3130739659452712,0.49023017351313636,0.3,0.7128727663898146,1.4189915250862424,1.6501458856735955,1.5981433064856787,1.7322156169945977,1.066263391015166,0.5293819488305183,0.551486049555284,1.0399955932753693,0.4856130027658767,0.5623381757566233,0.2773428078348868,64293580227ac30e020ecad470338fb8b7dd8e331168f21bb8b52f3c8fe89527
1.015345651840316,0.7497314894375006,0.515127009120765,0.510729266698951,0.800971316859397,0.49553045716576133,0.4692867791304149,0.5544060166604996,0.3,0.8056790847470848,1.8716515161000096,2.3688323264241937,2.05522105299048,2.498056666935082,1.5086555192839175,0.7781738361137204,0.7608429827324016,1.5325615686393947,0.7200456650484693,0.814535717375163,0.2961355784262542,652955622d823723d35072139ff47c1510a96fd0a763df8b78875192b9797982
0.8606638298399122,0.46373465258139945,0.19865360527672854,0.29038402142860753,0.3339302864169261,0.29695280791967066,0.2311611956497264,0.759921635540408,0.3,0.5250604787744262,1.4630048430836307,1.400613987608059,1.3242559084125722,1.3820263239881638,0.8381463976182324,0.449694666767345,0.3968584693057293,0.8397031526923067,0.3867206274529959,0.46799494537132424,0.2404641706139218,6671ab745c31328f967b9f8f583eb8bacdaeb4077cb8889dc4bb862b18717373
0.7416647185893207,0.543365099368289,0.3081401358842011,0.3891003673807302,0.4251579268380811,0.3453038298945036,0.23716453561452464,0.7875581666603613,0.3,0.7727864549117954,1.6934129294085944,1.7574271073478012,1.7191208213328906,1.843448783878593,1.1283005373979225,0.5960083192795741,0.5351366572562741,1.1343169637366226,0.5311173517871081,0.6078309565718055,0.19815996748472625,6d4e724e8be37d6d8a266bb10402fc0d13e408f08798ed90c058baffc4fe574f
0.8749383533481294,0.5315183630822277,0.4013080937087797,0.360304434236596,0.5703614579377327,0.4575183797236365,0.43615944377148635,0.4893487707504783,0.3,0.7642567559804374,1.6945715348235297,2.0653832284378115,1.8711884739933204,2.180248657119936,1.2715350081053258,0.6706121903433062,0.6205274515224161,1.3069335103555209,0.5931884009504592,0.7171497098809502,0.2538815722805093,6e32ccf7c7d9d18b72438d92260a8f32fb821b0974c113b689ddd2e083b662d8
0.7003186242507422,0.47981975120033943,0.2745504017910822,0.34936646152448664,0.39723348268808417,0.4103558188069566,0.2810626840483828,0.6192465635006794,0.3,0.5597004918685038,1.508720059182861,1.6859082404176207,1.4160152146655332,1.6339329740682067,1.0475680154755411,0.5712448253896034,0.48065922822743096,1.027625402070298,0.46416701162740426,0.5672734624202164,0.21562440201808553,6e461812b841ee6636b4d393ee678099e6ea9442ea3f51eb770d5861483cf040
0.6771150657253141,0.4811186570252868,0.22737488979640946,0.30125918950470737,0.32881896742470074,0.3400745340369886,0.24970511350054397,0.6364056720982112,0.3,0.3316298897459906,1.4232932399924845,1.4916662729999177,1.1759349162253492,1.4104823620227351,0.9187201453489809,0.4919716819458761,0.4347071631821102,0.8980923990055235,0.414890119620551,0.4951296394529974,0.2701595666952264,6fc6383b0717c6185dfacd5abfd0ead189e746a03f8e7e71fab3371bfdb57c34
0.739382397733784,0.5100342844225714,0.25520249071893886,0.2664238067615811,0.4236017324364106,0.2885615739105568,0.23428976640587756,0.6222112763395675,0.29999999999999993,0.5161798887891476,1.2895649840319476,1.4520030606603307,1.250803474472873,1.3520414043061475,0.8634733893311176,0.4590022397010719,0.4151742192958641,0.8699484381135569,0.39370096889467177,0.4889994002892767,0.22545809352282617,72cc74e30c85b49358b427a61263ce4b2dd16653f69ac6091766c97c708c4444
0.8276692764454076,0.49216213614873305,0.25151229019392723,0.25309960798874964,0.40266959369091176,0.3073778734637227,0.22262914097871606,0.6283503633457129,0.3,0.4523705077819807,1.4113134948607844,1.4756733592431157,1.2387467441516007,1.3703597519990598,0.8927952328598229,0.4937609887079236,0.41209469050846853,0.8744819900332748,0.3999373996949714,0.48468810662554707,0.24063835241633535,74302d74ffbb8110c26071723c43344dc207967aa0c64ad36b0f287d62447e79
1.0103790579338365,0.41544849539542494,0.18965298778454354,0.30420652973431106,0.49326384512680255,0.35492539553389124,0.2707392722060815,0.6085163647507087,0.3,0.5299152076765994,1.41504038273456,1.4960996939307278,1.3846162523839838,1.5866253014022296,0.951933709214239,0.5024153993223824,0.46007998168217656,0.9480935528460547,0.4545023231584025,0.5064641462895958,0.3092016086830996,745ae29a98a4faac5f3dfb0a0db57781c36fb124f8a74920265268d4e887a6e9
1.109055301260386,0.6065738779761408,0.32797797256025035,0.3029167208498598,0.5466458957739971,0.23401664123593396,0.34185703921880023,0.7504032499508625,0.3,0.9517926898280311,1.6470901467166825,1.848255185079475,1.999346015510253,1.886025130557817,1.1585003162562355,0.6940900452208536,0.4857312222061479,1.122760593996975,0.5126342466698259,0.6144390625840964,0.5959202398473937,783ef9ea6653b7ded8301e9e30473088591dfd7a9d7a852e81fcf7ee2eb2d185
0.8404202063666938,0.4005650392378725,0.2342982427658118,0.33480563410350156,0.3835191486129927,0.2876394652671262,0.21847657384685507,0.5567628928753291,0.3,0.4257911595316556,1.224661696774421,1.3792015563776325,1.2074827011148375,1.428964150194165,0.8733427372480683,0.4582346767416135,0.41761900822773973,0.8248583514491181,0.38557924792241577,0.44769136060085923,0.45653424227430034,79cb1c20f12a56859598510717a523023a000c32c3397a9c5353aac7dd95016b
1.1673912933611792,0.6190781431365776,0.3853660335098536,0.40918706960908147,0.6183622116001576,0.2943114618478657,0.41823040360318875,0.4760912152383101,0.3,0.8980018553188855,1.544227712439014,1.972419265723941,2.238591875347231,2.268713071905102,1.332605699849538,0.7819007215958197,0.5715357894055663,1.4867028820648598,0.7815467450757974,0.708989687465788,0.2743036557393662,7be7a8b3d22ab4544d10b29899b65a5b777d250b3bdf55327ee2d67c345d3846
0.7440762120946958,0.5531080837357311,0.33443859630753797,0.39313810242320646,0.4418686812541231,0.3760664130084968,0.22009119829650425,0.7705204752250914,0.3,0.7714491268942977,1.7942830137860428,1.906472278633254,1.8113664631454542,1.9860815770364209,1.2247929399747084,0.6456427187952823,0.5805753479862602,1.2233156378882895,0.5654723748560728,0.6639738786936894,0.18442066996868295,8034c53404b437504f0f714771ddb4a4afb50542e2d13aedf66065e051f29a2b
0.9654074444192486,0.5311585227582845,0.34033249364419366,0.3511000736706265,0.6487815832679619,0.3838805954501743,0.39528509917363114,0.5251587323985346,0.3,0.8942737620236155,1.8356579786958125,2.111741633625139,2.1052452405544093,2.243082052118465,1.3754723385377041,0.7114366861386316,0.6816422121374076,1.3632613139457161,0.6529913336699638,0.7218552287034741,0.3031243951269635,825403466d55b1b77eabbf8bcbbfcdb0bebc00a84a229107bf308bbab76cdeb6
0.895760299202319,0.4876132996563339,0.23878243055656037,0.26625118322077107,0.4301838955308861,0.2927441683559767,0.21654298915462125,0.7019341365289301,0.3,0.4472793706533743,1.4105021381551488,1.4186716061343363,1.2004024324168687,1.3276437336123075,0.8057600292865956,0.4004331114701141,0.4164652256185566,0.8760077445124919,0.3719803946743595,0.5191383118804105,0.4104587167974872,83502cf0156c3cbe4aaf216586233cbb71b1e6b2105bb8bfbd2fad9c2164351b
1.1260493813944052,0.6434995856262992,0.4124220961431255,0.36909752695164083,0.5091451143494686,0.17761709302998133,0.35056296421567223,0.7950541659484471,0.3,1.0541407687615039,1.5197667750175052,1.741178890951591,2.080249604652541,1.7347223870724617,1.0789100790462818,0.7598408792570964,0.4811208652506196,1.047963692010866,0.4080594202747481,0.6614549956860543,0.4633889802622627,8710a800fe094c82b18db61934f27cf0c0e334fddcb7302545359bf4abc81734
0.8546674078783987,0.42173795087151966,0.22953593652066295,0.30388717026918965,0.35851296384364656,0.33925863564352254,0.21698284366561107,0.5721121722901863,0.3,0.4504425296244176,1.3370613076794733,1.4593730550902873,1.2611438604157015,1.4338652268624827,0.9102778636728666,0.47834649003900137,0.43652595297166175,0.847890532339861,0.39583436220936213,0.470182198525182,0.2684692170260095,88788052f7de0beea1b0895e61d1191af07ba91ef17b99b3d302db528ab4162e
0.7279386030118321,0.46480741416350824,0.2246530221245465,0.26880721288438963,0.31073136812096774,0.30767428746762054,0.20077314151140677,0.5994958754889889,0.3,0.3523847130067672,1.2874076241354462,1.3935398525995646,1.1421139020506719,1.3554158185001288,0.8633198398662704,0.4656130472947627,0.40792714185193957,0.8709852678241992,0.4026521975297874,0.4723326237479786,0.3572098578551892,89037c3efc89fddd411da6edba8e198f8abb254a5d352eb61b53426eb6113aa2
0.8308835819075696,0.4261877286686657,0.21334677529347804,0.2871542572204202,0.3931009627096838,0.3247855847047916,0.21660246864049962,0.5378444608468994,0.3,0.4259470952206273,1.2684713646861459,1.4182177804633664,1.2304809993859724,1.4657726474311785,0.9018549552537367,0.4814729158183883,0.4262326067379497,0.8903304475050021,0.40889790306396956,0.4946479945135866,0.38031238343996593,8b84eaf88d22e99389a2ec6d5664b5ae69303ce328c3e9b0fb6b7f4f3786ce36
0.8873880199288935,0.6276739382253833,0.3472476563387853,0.39037478189023594,0.6846187474733711,0.40500170947755126,0.3560433389120055,0.5896875654848722,0.3,0.8438960071681724,1.7601051899165985,1.9762974849842132,1.843741333743701,2.052129919866334,1.242544309591616,0.6231542463262154,0.626646115855656,1.2235019981853028,0.5797867247066917,0.6457105730189502,0.31765645543748017,8c5e9b03e0b3b5b7d7f76df7864c16aeb6053f191672f763360a2199c584744d
0.9736679070113148,0.6113791729402389,0.3274251779480606,0.41416473282669053,0.7525951413970673,0.4373920391900757,0.3847715049045429,0.4040035662526744,0.3,0.6519137540812304,1.598688355599446,2.031603272978997,1.749914189549308,2.118679486479953,1.2760846106693309,0.6801701085135147,0.6296478249113923,1.297535749487377,0.6030802846031686,0.7029694010757226,0.3594114665638676,8c8ce7467ebff75a20a87bb55e2c79ed9da76e4b54d65458845d97b77cc8368b
0.8699944695070316,0.42171044683546727,0.3437794512281103,0.3398654404082276,0.5692720327389412,0.4111684552074023,0.40626345583105733,0.7202927085536404,0.3,0.8650132420827217,2.038915873835009,2.197004282122352,2.06325286416148,2.3165595852109035,1.399525737283096,0.7699324377382682,0.6486421451815225,1.3913575518742378,0.6151638308993875,0.77879538622422,0.35349288508892573,8cad88d6bf5f61cee5d2428033d9ee190264f28fb0a8b07403017a57c43dc8ba
0.85601569056381,0.5135744816616449,0.35529577001145846,0.433940238768132,0.4425325794019038,0.40127730819048263,0.38117522158795747,0.574477495098713,0.3,0.6527179183540108,1.7472531258706239,1.9559641680329445,1.872304805210346,2.180802387091752,1.2703966774750788,0.7099629864921064,0.5671291754120223,1.3317780284879066,0.6218458770570415,0.7194713836424653,0.4150874620988123,8d9f5426462a25114b5f1cb96b41070f28e4e930b62471a26dd2c9890703352e
0.7567963823862374,0.4427101204237295,0.22722293187308115,0.3063745318034494,0.3836027728214761,0.34999740545294844,0.22472938405774218,0.5234477565079886,0.3,0.4124252582312338,1.3051160097325063,1.4894516618991478,1.2742615830478878,1.5370283255371902,0.9290588426433504,0.4941992167760023,0.44320781154160216,0.9236718393430696,0.42242497451380046,0.5140998762075989,0.42234290397576907,8e9252978ac0f43e2f79c5362e2b6ad2ef79105c7bfbedc064444456fb46709e
0.967470414039873,0.45594923483011346,0.3466727875664461,0.3451917002408284,0.5566479146770377,0.34958304115679784,0.3488393920417934,0.4510184877312265,0.3,0.807171212611052,1.5870036507319114,1.9068510524913946,1.9047616500892535,2.072006131212892,1.2182820320406669,0.6481359083875478,0.5994760543028641,1.2693424052296896,0.590527218982692,0.6863135899410472,0.28327155469638565,8f0902fc5faf8b38201b8ff70901e7c0bf70a35910da22b9d480abc388e0c429
0.49945862691700277,0.4861375333112998,0.2487771373509976,0.30287228036985425,0.36268517992060967,0.3574714786196179,0.28635912402889957,0.6124483545299435,0.3,0.43133353429720755,1.4168187805893806,1.5866961034749785,1.3028478759908215,1.5474773468118859,1.0022815026803036,0.5064548726563051,0.4993836691648343,0.9502633047018872,0.4416061021069541,0.5166759879693981,0.49415332313137406,919475370fa8cae7224f7173db34224396861c8ec39500d143790b836d95b540
0.5642354517026831,0.5653965800629988,0.3051378405440258,0.3760853574917558,0.34784464179342234,0.3578426872149999,0.23722909284371274,0.5341889471750864,0.3,0.41623738940487687,1.2052132264335447,1.5261030785822647,1.203606936841503,1.4686242085590695,0.9467212129125991,0.48512854064376404,0.4667821414293334,0.9070010378034586,0.44134150859268406,0.48951506376545123,0.4881830010950161,91962a8805d6aa3f2d757e9866f90464c0856ee2cb7059287c9730a0eac715bd
0.8249689598726758,0.42156356427279396,0.22549323161927554,0.2999539974450216,0.39295917392414015,0.3615882788065267,0.2047009493795448,0.6012046355803603,0.3,0.40608687970785606,1.3705778842491787,1.4790226296863334,1.2377983061526108,1.4756243034326135,0.9122674827810893,0.47725536534008445,0.4425363059368654,0.8635106229926606,0.39084663898453387,0.48494043105219115,0.25627750931792476,94efd6e7b80453b910984136125f272277d792e005e1a1e6dece435371f5ce99
1.0652909346069601,0.6128236191467309,0.4218877431355102,0.45945363632325686,0.6906492976831765,0.42757137917324817,0.46593607992918523,0.4365923793030021,0.3,0.9547007662671873,1.835446899157899,2.306757596966225,2.311472102475487,2.5483692057998373,1.482417080108603,0.7740987463355619,0.7468735823715037,1.529524373844577,0.7298065790084765,0.8108036748187541,0.1969108348468849,9a1d34db16ee7b6f3923117bb3a0d1abe200434d2a701676989bf68ed4d9cb07
0.677498649858881,0.4811749439015123,0.23882033823290963,0.2522541627305573,0.4240832158989099,0.31529468060314614,0.22228457866438106,0.6028961742964578,0.3,0.4449006199488649,1.3684786052976243,1.4633901925789476,1.2423458845585427,1.4024473937617192,0.8985846531913456,0.4893473558074932,0.4231037630596144,0.9099379464415757,0.4129386988227013,0.5101266750774863,0.2745452828660479,9c75bd34fc5e36e7486b25682f35e67dadb6487217bdc18b75f1c4547dfe09cd
1.0858743141487504,0.48935904894640914,0.21032876163457004,0.30108967410651283,0.45745643385755197,0.2959039627323429,0.23827134274876566,0.682525196244482,0.3,0.6086920183853739,1.298984959507295,1.367946230578555,1.3363754736727615,1.3898955674608886,0.8270614291296527,0.42492408183121816,0.40782670785961744,0.7810194621816176,0.37453075635437916,0.41846648445006274,0.3095111635665791,a0413bcfe66f0f2eed4a00def6b4edc0b4775c94365ac9fc72838228309091d4
0.9857875028949046,0.4995732359992574,0.3272321734926844,0.35239579049758335,0.6567391024302102,0.4261529714984337,0.3874330962423825,0.5537578138753213,0.3,0.679454519728506,1.7852885508702632,2.032768899644936,1.7862812020428822,2.0834035600937546,1.2902364290382493,0.7137714877541508,0.5904316731706015,1.3215370536246844,0.664002857677631,0.666024799282303,0.41916428001480927,a167cf6a5bd6b36edce400a547332ec5e1a7e94c77ec494daad6117b78052239
0.8925370937989294,0.41317876239543966,0.2786860030269364,0.3034775162477886,0.5278653859252923,0.2515957428967804,0.37349204122281265,0.41729541243260615,0.3,0.7378911409215678,1.3593425162308574,1.613804130503094,1.6784143918768486,1.7524373941922824,1.0824614847020864,0.6120962976794301,0.4970737630760187,1.0821118535939374,0.5126898750581066,0.5823476604634504,0.4766585625307286,a2f6af96694eb7f162fbd6692a3bc02b1c8976621b17caa85c7d4f58825cc278
1.084369428480159,0.5119290454398623,0.24631364374117523,0.3473808666479094,0.5651055913377193,0.3382045682217792,0.282749696488716,0.8063662326243811,0.3,0.6349588450909319,1.6798886531689463,1.832285745755512,1.7226670132287678,1.7841045552812858,1.0226198972395841,0.4997742887981338,0.5413569684836257,1.178614400885113,0.593935699010484,0.5962941366083944,0.2615478983565124,a337a1efd43ee5d033465c2f477d9af6b76d0c1318cdd8ec5cf341f04de027c4
0.9456708356662048,0.5931937300699719,0.3500461911181217,0.3441192102230686,0.7639992891639628,0.38074115438424627,0.41719025343255867,0.7238626322968108,0.3,1.1484963466569837,2.0897175866569895,2.1867750993275323,2.5062855232045522,2.423448420179786,1.4768009510264746,0.8185232660869928,0.6944962305446484,1.4300343580579367,0.716197732874534,0.7386779423585245,0.32349170054317794,a361209be3a4c63f607c89017f8d4947b09d612081d869e6b52810b5fae87b27
0.6258370006945247,0.4505533151847962,0.2671624639772447,0.33506721752614443,0.3583401690513561,0.3475055251597744,0.1934737031289052,0.45187176947875135,0.3,0.24328619662618167,1.128918051890119,1.351951085103785,1.0155727618985917,1.3279960441781438,0.8281814417162734,0.45534669033393815,0.3780271974089239,0.8119011994091964,0.3689512722888879,0.45083722423312567,0.28363528371383595,a667e16cd991024be764e0b74917c70f3ce615c3f343fb22f6053117e5a92e60
1.1170146237128113,0.48548555763794715,0.3326741805851132,0.35926277413135693,0.6178110399588631,0.30531550101990995,0.4205572948279169,0.5399090212831942,0.3,0.9598728099911936,1.60446274232613,1.8521971115736824,2.0227164251449383,2.0343645186179753,1.1947334235188074,0.6202339361513391,0.5852409850579209,1.220648291845778,0.5882736271037632,0.6369865261508169,0.27808400977409214,acdbf86fbe33cc3ea1c41f0b56d166a7e5a99f69dfb9e430834867575b707f58
1.2931520901637383,0.7554716635996569,0.4207595497010512,0.4096865739782656,0.5291957347741769,0.36243817335209955,0.21149649649730273,0.9356177205657582,0.3,0.5101658500135657,1.977019617585758,2.127706913458418,1.617043266173908,1.923761791519495,1.238246159402042,0.6438036975573124,0.6460952908064236,1.362469079001091,0.6593779161176535,0.7051687821835134,0.42452068226665,ae0beed90e69c02aa97bd82e2c2a8858696b59051321bfd6e150e771b08062a8
0.8374398230113083,0.516625504768255,0.2313335964028842,0.3040235506084314,0.4270800436820092,0.3317638767223291,0.23413309100447727,0.7051134476660121,0.3,0.406422637698368,1.4452083323631868,1.511757932691125,1.1994781565419672,1.3711777775186211,0.8763776130867015,0.47327215171263637,0.4315427936801771,0.9072868565863168,0.4100882158242251,0.5103477814561964,0.20355901423469241,ae54e770b623eede9f42027afdc92ea86f10495ef2a66fb8bcb1327fa5088fbb
0.679303390459427,0.3929253549332759,0.2564429152765056,0.3190472762474154,0.33790447106735483,0.2789267212431933,0.323711582414716,0.5203555696951729,0.3,0.646794717186264,1.3776522942118596,1.5572987659481012,1.4709522569605387,1.6340719843118698,0.9834188114526698,0.5508448706595024,0.43977681730531426,0.9879273372811668,0.44989280259615927,0.5417800437558962,0.5300920090753909,aecba70fcb6b557ba8db52a2dfd38e219f55c378fe46c36d38198b068122e298
0.5893650277739267,0.4272218418778947,0.38045545368417577,0.37436444322834606,0.6142985279589188,0.5410419866203521,0.4941055349315351,0.7498170094551913,0.3,0.7178895267158732,2.290764913171866,2.5863809373445936,2.2455488648136614,2.7111524024653453,1.6032986683452777,0.8480560821220026,0.7647350128322588,1.6199400337721375,0.7251456682838553,0.8991076283072956,0.38928239652245317,aedde5566eabb5435b650bd2cffc7f47dbabe6e50882b88dc3ac5a257bcc6287
1.2654874279445179,0.5168523698074281,0.4170824325385339,0.27191355658895316,0.5303089903667408,0.3605368406602549,0.3227267375308845,0.8106331929588738,0.3,1.0109360642380216,2.064597880925626,2.181149449634152,2.1491800381243733,2.2665841227288057,1.3813037746555723,0.7693577377985802,0.6156076595999785,1.3505481745832635,0.5869227438247913,0.7648119951100775,0.43076915383805087,b22efd321434072848f473227ad5e42fe45cd38ed45c94bfb222bfa5687d163e
0.9186694652171448,0.4789621582596585,0.2661433836571886,0.3219354135351607,0.5364291992559312,0.267399078810818,0.31724258914407294,0.4880239369261326,0.3,0.7123211739216478,1.411659073851255,1.6372309862283283,1.593463659845405,1.7303662490988554,1.058197085835752,0.5279195337539069,0.546422099740988,1.0411749631496015,0.49210209877536387,0.5596495145822508,0.25496322323819715,b3e7eacc9745cfab3d80a48b7e7b387fa9847ea621dc79895709f79ba2cfb5e9
0.6907770578808653,0.532971875460091,0.4254895033877904,0.4266416138408972,0.5658029004931479,0.5217105065345833,0.43065256656728657,0.7706505726900725,0.3,0.9114071186521369,2.273415060165693,2.507450645322245,2.3572929661508644,2.6403689631404275,1.5835446629212004,0.8780991468355599,0.7238207150763992,1.5940258202639261,0.6994322006265403,0.89739268703285,0.3932399769314508,b56e66243bc776597504827f02f6da0656d4b1f1088fdfbaaddcb4974e297235
1.0074713960579158,0.3360232791437926,0.37939764458873765,0.36313441735639707,0.6531091222550585,0.5128638957796302,0.5142239114759793,0.6904175652122259,0.3,0.8183096282925411,2.1930190450256704,2.3831048677574302,2.1469679438017515,2.5034238182744275,1.5337857984946592,0.8198088894630864,0.7206692758919468,1.558130221159252,0.7118630921908073,0.8496661688882184,0.5987694030584175,b5e9bd9f407a506b64b83e4631e6ea399bbc380be5c4710c122477f2d1de7c3c
1.0421696777850011,0.4232392302426388,0.34857962816338744,0.3368256330465295,0.583715579626319,0.3761425543339283,0.37894378154620406,0.5112021753514123,0.3,0.7839504814439396,1.6407402182532471,1.9384280750817149,1.9080380371237737,2.0800519532871378,1.2424317918047836,0.7052129915902935,0.5485396302137462,1.2845201775093185,0.6137733558530254,0.6780465945030485,0.41956009368784486,b72e9b67b49b5cc64b27f07c5fd7165a45828e0e97fa1cf63009bda9c56efbe0
0.5244566348991936,0.5488796941936083,0.40843999606851733,0.391434655402843,0.6365406138853821,0.5343840925103452,0.43487755057226574,0.6221156344831814,0.3,0.6551593686670769,2.0788831193606874,2.4909904275816888,2.045245296747545,2.5417325233118664,1.544389277090271,0.8139282195819871,0.739899285470404,1.499877398642095,0.6772247228060125,0.8310481655858951,0.35138655397318785,b99a4bdca5e1c16cf2caad1f7975217e50d26bfa3c8701da58485afed07a6866
0.5131281309902294,0.4370876517177204,0.41135150481497523,0.3927233044556284,0.6596553968308962,0.6180067480599117,0.5696790967472932,0.8735403799562703,0.3,0.7329434556903811,2.462971149104581,2.683828973097047,2.3944466174979726,2.8142261028308453,1.6513567429249385,0.9151359369084753,0.7598060146936904,1.6840590142253433,0.7672775196706176,0.9199660353921033,0.3843023970849378,b9fb37936e898e00154a4014baf36330310dac5650bb6e75ce6240382aabefcf
0.7079758718196412,0.48112732099799804,0.23341533661526045,0.2537050415143022,0.4748070477088444,0.33900139921863626,0.23167022478882832,0.5720828973041454,0.3,0.3830905534658397,1.3312497690159821,1.4847684706806206,1.227015333072219,1.3798902737336327,0.8520071148170362,0.45641977600953487,0.4175852013146704,0.9078494674490185,0.3868325064743675,0.5350379273963909,0.22078426700115503,bb047022842fa33763390ffcd476fbb1257d8ac30e74a844d00af415c4cc9e39
1.0122463387691893,0.5024466935753543,0.37422665148892886,0.30942500688979746,0.5068603705250453,0.4017049225650128,0.3488744323194465,0.7432248308819943,0.3,0.6420093463092623,1.9499520433813178,2.0833865371979003,1.8596633985907243,2.1863598906889394,1.3456927114591675,0.6967104011799357,0.6541175636452259,1.3517234853002664,0.5984846391358829,0.75729657909169,0.36994491883371877,bb54bcd6a8676fbd58d19b88246c0c51f388dbcbd8548ce2cbf03073b8363d83
0.7391527776545445,0.48155330910275335,0.21987947019946094,0.2811175958904779,0.3786281569309281,0.33887922897138745,0.18840132640158827,0.6076354157919831,0.3,0.30829453774489446,1.4709634449677222,1.5365403740139194,1.1791033944017517,1.4409715055433887,0.9448004580776936,0.5336205014013343,0.428783190253195,0.9308898910455565,0.42049105374707313,0.5302383490282253,0.24242553342265818,c178a0af2c2861ce2e373b2462f0541947a05d2bfaf8660c840e821b035f712c
0.7360788821237808,0.5760759706035702,0.27936106018633117,0.32852565127801187,0.3813126087052073,0.3822258837957419,0.20565262183271776,0.5823447317319218,0.3,0.4167339362483211,1.2793388696972587,1.5242079895289313,1.3857489739074154,1.5765023360089219,0.9903763993115725,0.5216588926204262,0.4795751021112753,1.0355106684782638,0.475437515601565,0.5608568799649583,0.23618110868978978,c22f6259e24bf9ce1d966649548195c2ffd7c6f3dafb734f9d6e44e83f27d734
0.3274376267053931,0.6573512203642351,0.43197512144784517,0.4980334156899001,0.547227069199501,0.48884301113220885,0.4221016638183811,0.6205597172100462,0.3,0.6986054056806724,2.106988794783298,2.520847955378618,2.16222929610907,2.5555268853802318,1.6111347283704383,0.8445104778431072,0.7759401429834402,1.6225031729767108,0.7312219916572026,0.8924044171123007,0.5918921137135491,c4a4cf209b5e5277a38095e10fd42e1c73eaf26a236d605fd376345dbfb47e79
0.5137631687554503,0.48887944232697395,0.25833542760001643,0.24169721645731004,0.4370386148864526,0.3430064467375195,0.24863933029958296,0.5367797540268301,0.3,0.4925489065832645,1.3193387507933572,1.5388948935274378,1.3490582178508213,1.4692718535936502,0.9103599275812252,0.4954174058997953,0.43571227075697744,0.9480320139139644,0.43000677423207323,0.5286471999865604,0.2199520521984022,c5e065d658765bfd5ee10ae77f4bafe9fe98e173e9284a3baacbf0f45c13f87d
0.5275864089024408,0.4883118303855957,0.24710436024075078,0.3061210909209728,0.33343963940627575,0.3526874589552065,0.2562406122794038,0.6057094242483713,0.3,0.4119083798487459,1.3706033900836938,1.5294784000996844,1.2603518039131612,1.4973755536857989,0.9543657162543147,0.49034403516062214,0.46787386862148606,0.916578833560574,0.42366533622299546,0.5023623130430246,0.4301518203236134,c7cab7caf23f822e28bca81d31b62f742f3924ed100cfb710f2b2f779713ed40
0.6262968772481295,0.4992332979423015,0.34842899657496235,0.4383567993842953,0.6755776052651468,0.45741096350795585,0.4194053582781464,0.6402581875322871,0.3,0.8315668172196816,1.8541313956442678,2.1353852189948705,1.8399155195120414,2.191828692084293,1.3162017670806974,0.6970400354816336,0.6291995167816936,1.3329451897651692,0.5972962899005501,0.736508883788209,0.31752410242003315,cd4d1e022bc41327bc9e54637baf9278f0f1656e356111a72caed6696484cfce
0.9873223100062679,0.5280017849771647,0.35211221590632175,0.3086569153617045,0.656526464550405,0.38845852810947745,0.38077677003514215,0.642562169023919,0.3,0.8510557195602806,1.8626795138922394,2.1151627707954987,2.0556279635719625,2.2595497787008276,1.3435971984069448,0.7149357533828721,0.6353295511699101,1.3859646304512376,0.6655983659381826,0.7242343513565651,0.3549000302998076,cf29c01827992ae2a1382476eeee8e86695a45e61db655b24fd292282da73b89
0.42301793337107185,0.48536615145045353,0.3571094171057799,0.3424324684885242,0.6614600598182732,0.503012272014412,0.4335615328424362,0.6835654560334283,0.3,0.7147976934145981,2.177869170261926,2.425542069642656,2.1705065299752593,2.5233703756934407,1.5515879326721846,0.8244377196286388,0.7346982670829593,1.5239982406327384,0.683234528499092,0.8473380079372365,0.2867179782226082,d0d53dfbcd16d6ea94ea39a527fb7069def3142fb7b22a021523d4716a943034
1.030801680415232,0.39181656432467976,0.3103489806904925,0.30163242944858965,0.5228432280907784,0.2873090226518338,0.36456334167414495,0.5404928317874844,0.3,0.7878804830197109,1.6110792939423422,1.8107610982792957,1.9211681233858924,1.9971865579176935,1.1777024083709953,0.6190408766874407,0.571764864162791,1.2515434270720627,0.5796860614815706,0.6759307293921609,0.37034415434612833,d7431d893e6a745da57fe3c042525a89bd2b1b0d54761bb4a0675af6d88d1d08
0.5463892889513373,0.4103935978069493,0.24070830602745866,0.2795421151956543,0.37732729554128996,0.34297410555327335,0.22605271602559118,0.45310035414408845,0.3,0.367052552858862,1.2625876552313393,1.4981037196490374,1.2021112716929219,1.4817475727501468,0.9445416506745948,0.49730552290276586,0.45123935830618983,0.8923288136255978,0.4011306122828213,0.49920286853715684,0.24208978130088488,d81d4b6b5a86785063f97d49bd7a8ba4067c269026567edff244ad35a90ccc16
0.5239499610490354,0.4336334247663712,0.211267703915494,0.28197266689737205,0.34080746291150044,0.3671810560141762,0.23969847827423008,0.5942779503205342,0.3,0.3457840153585462,1.4937393058811266,1.615489770538152,1.2887280780974435,1.5543784314727573,0.9871019938581742,0.5377139034982501,0.45540410197552134,0.9728554296892963,0.4495479427758503,0.5317948903316151,0.28620681399255204,d99b14c025b266319a14bec8aa66c732fef6fef5c7298e959a4b254d6c2cf982
0.13407994786816263,0.5838323432857222,0.36008604138586875,0.5644816770126099,0.6125847171400136,0.5561084594331765,0.4972950732870823,0.7910034790200241,0.29999999999999993,0.736518459253224,2.340306230238717,2.551974542159444,2.3457857314757202,2.714580861946546,1.6205830917710797,0.9355328134821822,0.6983269544132991,1.6557821661797916,0.7693088457986683,0.890710783972063,0.3479286199978381,dbebb3bb1e39b7e819c3a12e2a8364e8db91c13c8bc215252fb850373c58eae6
0.93355243676143,0.3552182874183475,0.2221232501110648,0.2662739163925276,0.4999540120098748,0.35220818149587146,0.2722680179395521,0.4616017877441011,0.3,0.49804775983196564,1.295139938659392,1.462636117997467,1.2954369518879931,1.4929755567314638,0.9415807342169011,0.4852821235462405,0.46820069226349365,0.880214350381284,0.4177357688300035,0.48114562762024926,0.2751562698282314,dcfa25192d6fe5312d72f6e9eca89c77a8b973600291be0e72029d8232288176
0.9854142119620908,0.5488543404763514,0.26482391193483645,0.3182947868433438,0.46752981009962574,0.34037650030760086,0.22903867458378258,0.8222766139924381,0.3,0.43172448052335655,1.5203516523037226,1.5762536475106224,1.2432739942377742,1.4931050140202804,0.8754912928190801,0.46958067300016026,0.4640579815876932,1.0126691740164373,0.454722634387731,0.5820778189669946,0.26011988710226375,ddfb5c423df931a60e012fd261fd6120025b7e30a41db8b64289721c4702832b
0.6904288704854485,0.44718944765534535,0.3537450892980238,0.3326512196493034,0.417782349469329,0.4244599431092281,0.3365141321343757,0.42078419983740883,0.3,0.6343503191589075,1.3225171338448987,1.6423403492269677,1.5125983882871734,1.8174060031914756,1.0292343591431665,0.5473806504644882,0.48911088326385965,1.1139149886966329,0.5185353770271255,0.5963332932125879,0.267587948060002,e1e5c332c17cf830650d578b279240f7fc45af6ec2e159c701b4b1ef0b0fdce8
0.6871465228688229,0.4899006060054289,0.395622975385588,0.43301055876562217,0.6357206955420631,0.5099587187950039,0.5254380257963497,0.7459984968717791,0.3,0.8989307414119984,2.369168607161842,2.6530537955967497,2.317945579538001,2.6675820183155796,1.6614794253157257,0.87269649665045,0.7991148651323555,1.593859316281051,0.7190238877860275,0.8796003254175551,0.38997979650053877,e589bc4092522095d08f9dcfa8aab3104c7b465eadd4cc38e410dd95e6cb7a1d
0.8182409618636641,0.5561055443028944,0.42756266605704046,0.37554765348177005,0.4968870681913049,0.38168822793686774,0.4030392450486365,0.5367143066399905,0.3,0.8670140169034508,1.7755073555467804,2.139723640391399,2.0710150967547865,2.2975586825256533,1.3519249111107017,0.7293399654159055,0.6389558504881601,1.3765551791926935,0.6323176529392656,0.7474416069948953,0.242949342604345,e717f5dd670b3f2a680bac702f378b376f12693ab017d21075dd5b1d7384d01a
0.9475843148622316,0.4898653731665184,0.2587509488514156,0.3446263588320761,0.4715490121776355,0.37607524886183197,0.250930119299387,0.5661215346384713,0.3,0.362278220206585,1.2540853240792078,1.4157414245432476,1.159141513977855,1.4725298972647314,0.9013498783182405,0.4570719696005883,0.4507389394364992,0.878827782926449,0.4200270799388801,0.4769781156942936,0.4537973723347339,ea3c615d6dfcaf7a60777c5182bae9e94916557530a350dce00b67e386b5a4ce
0.8913559188250897,0.4705999582130963,0.36468709099691166,0.32093019652424987,0.5369408442994096,0.4335509777607873,0.3918211897074562,0.4706379442290316,0.3,0.7258709069188524,1.6234317731403556,1.9402829756451139,1.7502260527176017,2.0319816975451386,1.2054258095324588,0.6254380707695046,0.5922360431199826,1.238636422453649,0.5600495001510083,0.6792823451239742,0.2867503811206885,f237040b7babb0c9c5878e360039e0f105a291d894dabca8d1a98f996a9290d6
0.9435834838796022,0.4232376067922784,0.19697710204233368,0.28987758362113414,0.42176944355622004,0.3233955758048332,0.22389535018313145,0.58978388477432,0.3,0.464393318201922,1.2347616414850655,1.343657971017832,1.1733401870420193,1.357237967595172,0.8333324570043673,0.4314298325781353,0.4143405796298791,0.7855749223811299,0.3717679388752338,0.42315854227903316,0.4120340547391065,f27d5cef9147f4b32e271c1b006bf4a85aff584ca76943c270a91f3589fc1afa
0.7806752840853912,0.5026117813761661,0.37609937034027857,0.39606102603567783,0.5566855674693515,0.41961341960164883,0.4097641286632887,0.4346521212877806,0.3,0.8367410131890334,1.610669309253372,1.981521414491918,1.8929596245427371,2.1136883022272093,1.2576341552774262,0.6547084721509167,0.6133795918777006,1.3233518162458964,0.5957284382167535,0.7316367530198442,0.3658798600606799,f2ccddf9b23505c7ec15dda8f80ceacd2f7263c0803916b6e5f78dc772b6bbcc
1.0574185525062725,0.558142965780962,0.38299843472163236,0.34865887221749975,0.6100312129597496,0.33835566799979605,0.3800317373461966,0.558292240585643,0.3,0.9317060354759636,1.797254408812084,2.1403530227070884,2.18226367327074,2.3075054844655853,1.403065415277559,0.7503005950802794,0.6841606479141987,1.3795202471042123,0.6138198884030477,0.7710393696600208,0.3042033106387862,f6a59f3b0a2f2e3078c5b1b2760be018510baf86ad8daf8b9673544a34f3b0f6
0.9203894241553653,0.5728818430991534,0.26331445203280074,0.3417071063539486,0.36276040312600133,0.34926848472584,0.15301322809661572,0.7217845174060413,0.3,0.2656952225605711,1.5307742899662498,1.644312372757414,1.1933998924449252,1.4918721007954343,0.9811874264491843,0.5009490333134538,0.4882162690961573,0.9813851896577861,0.4573867005274489,0.5264518441831827,0.2644709355303086,f703048cdfc63414b5bd96e75d0b3c4d33c5b25c7c6204b4f39824b5c1e12a21
0.9238161011912135,0.48582869086081887,0.4581221377040076,0.34291718616422845,0.5899193383747166,0.550042711673098,0.45158055358580657,0.5881951114589097,0.3,0.7528895537181003,2.071180133211267,2.45086093428489,2.101308622662692,2.58387981816747,1.5608269330474955,0.8357601790758468,0.7295589040557913,1.5925956311949854,0.7171541381644211,0.8793707941509653,0.35787668605060474,f93d62fe6558713caeca81b3a293fef273ab4ad181019c6b5eff8a9bb05e8002
0.757727764408899,0.4525041802855731,0.22614885294264234,0.2389971413993002,0.40485386804665074,0.2989577380523481,0.1994067899614841,0.6231764258244977,0.3,0.4298386574345191,1.4180025821978193,1.4853667261109986,1.1941517744725656,1.4008039444502522,0.9134952189315365,0.5069518745813174,0.4205186511374835,0.9080154397546824,0.4214217684047993,0.5059487949598973,0.3043528679563844,fa29107ee11475b0b0f116a2887e04813ef0ca0e7f623a7c49e72f4a4a000aaa
1.3708631310327768,0.4036968314124289,0.3261649231977885,0.2861987190719121,0.6660559988508198,0.31660052910118724,0.46555704743998383,0.7712613207006017,0.3,0.918992900097208,1.9019400399526192,2.0338494812649754,2.1074618419789943,2.2149999176420088,1.2712053850058966,0.7855611095393498,0.5030364605793674,1.3846089270902064,0.6889946193036877,0.7057978230147965,0.3953099288781399,fbe5ad27b84084d4eb0719884a45ce10db24aea1e0509364fb3a086198c179d1
0.7309062479943473,0.48055832036571505,0.22209555016518925,0.2775343164425227,0.3577844073934525,0.32641234116448836,0.18371696638430154,0.603752174459402,0.3,0.29374639324994967,1.4420310658127495,1.5069581709739814,1.1707348158828788,1.4182303475289741,0.9253572949452225,0.5236945026783291,0.4173442462279325,0.9203876218169393,0.40823167042265707,0.5268214298793905,0.21515779180462058,fc587ee68ea2139b5d6c63dc045646069e12b023764503085447b4d692287b8a
0.16459201032708848,0.5021552103867268,0.3392598858650913,0.39471285955842644,0.8097505598671791,0.5424228323011998,0.5856501858304175,0.8111619608847671,0.3,0.8101377040960359,2.4376746048485374,2.672551878634745,2.3456515880510955,2.718938059048217,1.6752419482537375,0.8735949357412635,0.8124017383732964,1.619829347612131,0.7280666665326813,0.8954732545693258,0.3925237187131808,fe28de5cdf86664fae2c43785247cfd66207cb9137cef9eb8a37675bd885a0f9
0.4601983129177766,0.4951763316668413,0.2849773497173684,0.333025876969648,0.36769335376471957,0.35594837388054507,0.25088953409245257,0.45956819795878495,0.3,0.425661811402541,1.189407259447199,1.4998164653905366,1.1813904760700136,1.4454768116727221,0.9165803636628872,0.47230947042836813,0.4479465927465096,0.8929120281454889,0.41667093384363857,0.4982102959452627,0.45153521901835497,ffb889def1ef574eff67b87de5999e8265c5c26a5ef8636b2ba2528c5a37ee90
